B_max,B_max_f1,B_max_test_f1,B_opt,B_opt_f1,B_opt_test_f1
11689512,0.3280666470527649,0.15731209516525269,11689512,0.3280666470527649,0.15731209516525269
